{
  "Ansi 3 Color": {
    "Red Component": 0.93333333333333335,
    "Color Space": "sRGB",
    "Blue Component": 0.62352941176470589,
    "Alpha Component": 1,
    "Green Component": 0.83137254901960789
  },
  "Tags": [],
  "Ansi 12 Color": {
    "Red Component": 0.54117647058823526,
    "Color Space": "sRGB",
    "Blue Component": 0.95686274509803926,
    "Alpha Component": 1,
    "Green Component": 0.67843137254901964
  },
  "Ansi 7 Color": {
    "Red Component": 0.72156862745098038,
    "Color Space": "sRGB",
    "Blue Component": 0.8784313725490196,
    "Alpha Component": 1,
    "Green Component": 0.75294117647058822
  },
  "Draw Powerline Glyphs": true,
  "Bold Color": {
    "Red Component": 0.792156862745098,
    "Color Space": "sRGB",
    "Blue Component": 0.96078431372549022,
    "Alpha Component": 1,
    "Green Component": 0.82745098039215681
  },
  "Ansi 8 Color": {
    "Red Component": 0.35686274509803922,
    "Color Space": "sRGB",
    "Blue Component": 0.47058823529411764,
    "Alpha Component": 1,
    "Green Component": 0.37647058823529411
  },
  "Ansi 9 Color": {
    "Red Component": 0.92941176470588238,
    "Color Space": "sRGB",
    "Blue Component": 0.58823529411764708,
    "Alpha Component": 1,
    "Green Component": 0.52941176470588236
  },
  "Ansi 4 Color": {
    "Red Component": 0.54117647058823526,
    "Color Space": "sRGB",
    "Blue Component": 0.95686274509803926,
    "Alpha Component": 1,
    "Green Component": 0.67843137254901964
  },
  "Rows": 25,
  "Default Bookmark": "No",
  "Ansi 5 Color": {
    "Red Component": 0.96078431372549022,
    "Color Space": "sRGB",
    "Blue Component": 0.90196078431372551,
    "Alpha Component": 1,
    "Green Component": 0.74117647058823533
  },
  "Cursor Guide Color": {
    "Red Component": 0.792156862745098,
    "Color Space": "sRGB",
    "Blue Component": 0.96078431372549022,
    "Alpha Component": 0.070000000000000007,
    "Green Component": 0.82745098039215681
  },
  "Non-ASCII Anti Aliased": true,
  "Use Bright Bold": true,
  "Ansi 10 Color": {
    "Red Component": 0.65098039215686276,
    "Color Space": "sRGB",
    "Blue Component": 0.58431372549019611,
    "Alpha Component": 1,
    "Green Component": 0.85490196078431369
  },
  "Icon": 1,
  "Ambiguous Double Width": false,
  "Jobs to Ignore": ["rlogin", "ssh", "slogin", "telnet"],
  "Ansi 15 Color": {
    "Red Component": 0.6470588235294118,
    "Color Space": "sRGB",
    "Blue Component": 0.79607843137254897,
    "Alpha Component": 1,
    "Green Component": 0.67843137254901964
  },
  "Foreground Color": {
    "Red Component": 0.792156862745098,
    "Color Space": "sRGB",
    "Blue Component": 0.96078431372549022,
    "Alpha Component": 1,
    "Green Component": 0.82745098039215681
  },
  "Working Directory": "/Users/volodymyr",
  "Use Tab Color": false,
  "Blinking Cursor": false,
  "Disable Window Resizing": true,
  "Sync Title": false,
  "Prompt Before Closing 2": false,
  "BM Growl": true,
  "Mouse Reporting": true,
  "Command": "",
  "Description": "Default",
  "Screen": -1,
  "Selection Color": {
    "Red Component": 0.35686274509803922,
    "Color Space": "sRGB",
    "Blue Component": 0.47058823529411764,
    "Alpha Component": 1,
    "Green Component": 0.37647058823529411
  },
  "Initial Use Transparency": false,
  "Only The Default BG Color Uses Transparency": true,
  "Columns": 80,
  "Idle Code": 0,
  "Ansi 13 Color": {
    "Red Component": 0.96078431372549022,
    "Color Space": "sRGB",
    "Blue Component": 0.90196078431372551,
    "Alpha Component": 1,
    "Green Component": 0.74117647058823533
  },
  "Custom Command": "No",
  "ASCII Anti Aliased": true,
  "Non Ascii Font": "Monaco 12",
  "Vertical Spacing": 1,
  "Use Bold Font": true,
  "Option Key Sends": 2,
  "Selected Text Color": {
    "Red Component": 0.792156862745098,
    "Color Space": "sRGB",
    "Blue Component": 0.96078431372549022,
    "Alpha Component": 1,
    "Green Component": 0.82745098039215681
  },
  "Background Color": {
    "Red Component": 0.14117647058823529,
    "Color Space": "sRGB",
    "Blue Component": 0.22745098039215686,
    "Alpha Component": 1,
    "Green Component": 0.15294117647058825
  },
  "Character Encoding": 4,
  "Ansi 11 Color": {
    "Red Component": 0.93333333333333335,
    "Color Space": "sRGB",
    "Blue Component": 0.62352941176470589,
    "Alpha Component": 1,
    "Green Component": 0.83137254901960789
  },
  "Use Italic Font": true,
  "Unlimited Scrollback": false,
  "Keyboard Map": {
    "0xf700-0x260000": {
      "Action": 10,
      "Text": "[1;6A"
    },
    "0x37-0x40000": {
      "Action": 11,
      "Text": "0x1f"
    },
    "0x32-0x40000": {
      "Action": 11,
      "Text": "0x00"
    },
    "0xf709-0x20000": {
      "Action": 10,
      "Text": "[17;2~"
    },
    "0xf70c-0x20000": {
      "Action": 10,
      "Text": "[20;2~"
    },
    "0xf729-0x20000": {
      "Action": 10,
      "Text": "[1;2H"
    },
    "0xf72b-0x40000": {
      "Action": 10,
      "Text": "[1;5F"
    },
    "0xf705-0x20000": {
      "Action": 10,
      "Text": "[1;2Q"
    },
    "0xf703-0x260000": {
      "Action": 10,
      "Text": "[1;6C"
    },
    "0xf700-0x220000": {
      "Action": 10,
      "Text": "[1;2A"
    },
    "0xf701-0x280000": {
      "Action": 11,
      "Text": "0x1b 0x1b 0x5b 0x42"
    },
    "0x38-0x40000": {
      "Action": 11,
      "Text": "0x7f"
    },
    "0x33-0x40000": {
      "Action": 11,
      "Text": "0x1b"
    },
    "0xf703-0x220000": {
      "Action": 10,
      "Text": "[1;2C"
    },
    "0xf701-0x240000": {
      "Action": 10,
      "Text": "[1;5B"
    },
    "0xf70d-0x20000": {
      "Action": 10,
      "Text": "[21;2~"
    },
    "0xf702-0x260000": {
      "Action": 10,
      "Text": "[1;6D"
    },
    "0xf729-0x40000": {
      "Action": 10,
      "Text": "[1;5H"
    },
    "0xf706-0x20000": {
      "Action": 10,
      "Text": "[1;2R"
    },
    "0x34-0x40000": {
      "Action": 11,
      "Text": "0x1c"
    },
    "0xf700-0x280000": {
      "Action": 11,
      "Text": "0x1b 0x1b 0x5b 0x41"
    },
    "0x2d-0x40000": {
      "Action": 11,
      "Text": "0x1f"
    },
    "0xf70e-0x20000": {
      "Action": 10,
      "Text": "[23;2~"
    },
    "0xf702-0x220000": {
      "Action": 10,
      "Text": "[1;2D"
    },
    "0xf703-0x280000": {
      "Action": 11,
      "Text": "0x1b 0x1b 0x5b 0x43"
    },
    "0xf700-0x240000": {
      "Action": 10,
      "Text": "[1;5A"
    },
    "0xf707-0x20000": {
      "Action": 10,
      "Text": "[1;2S"
    },
    "0xf70a-0x20000": {
      "Action": 10,
      "Text": "[18;2~"
    },
    "0x35-0x40000": {
      "Action": 11,
      "Text": "0x1d"
    },
    "0xf70f-0x20000": {
      "Action": 10,
      "Text": "[24;2~"
    },
    "0xf703-0x240000": {
      "Action": 10,
      "Text": "[1;5C"
    },
    "0xf701-0x260000": {
      "Action": 10,
      "Text": "[1;6B"
    },
    "0xf702-0x280000": {
      "Action": 11,
      "Text": "0x1b 0x1b 0x5b 0x44"
    },
    "0xf72b-0x20000": {
      "Action": 10,
      "Text": "[1;2F"
    },
    "0x36-0x40000": {
      "Action": 11,
      "Text": "0x1e"
    },
    "0xf708-0x20000": {
      "Action": 10,
      "Text": "[15;2~"
    },
    "0xf701-0x220000": {
      "Action": 10,
      "Text": "[1;2B"
    },
    "0xf70b-0x20000": {
      "Action": 10,
      "Text": "[19;2~"
    },
    "0xf702-0x240000": {
      "Action": 10,
      "Text": "[1;5D"
    },
    "0xf704-0x20000": {
      "Action": 10,
      "Text": "[1;2P"
    }
  },
  "Window Type": 0,
  "Cursor Boost": 0,
  "Cursor Type": 1,
  "Background Image Location": "",
  "Blur": true,
  "Badge Color": {
    "Red Component": 1,
    "Color Space": "sRGB",
    "Blue Component": 0,
    "Alpha Component": 0.5,
    "Green Component": 0.14910027384757996
  },
  "Blur Radius": 20,
  "Scrollback Lines": 1000,
  "Send Code When Idle": false,
  "Close Sessions On End": true,
  "Terminal Type": "xterm-256color",
  "Visual Bell": true,
  "Flashing Bell": false,
  "Silence Bell": false,