{
  "Ambiguous Double Width": false,
  "Ansi 0 Color": {
    "Alpha Component": 1,
    "Blue Component": 0.35294117647058826,
    "Color Space": "sRGB",
    "Green Component": 0.27843137254901962,
    "Red Component": 0.27058823529411763
  },
  "Ansi 1 Color": {
    "Alpha Component": 1,
    "Blue Component": 0.6588235294117647,
    "Color Space": "sRGB",
    "Green Component": 0.54509803921568623,
    "Red Component": 0.95294117647058818
  },
  "Ansi 10 Color": {
    "Alpha Component": 1,
    "Blue Component": 0.63137254901960782,
    "Color Space": "sRGB",
    "Green Component": 0.8901960784313725,
    "Red Component": 0.65098039215686276
  },
  "Ansi 11 Color": {
    "Alpha Component": 1,
    "Blue Component": 0.68627450980392157,
    "Color Space": "sRGB",
    "Green Component": 0.88627450980392153,
    "Red Component": 0.97647058823529409
  },
  "Ansi 12 Color": {
    "Alpha Component": 1,
    "Blue Component": 0.98039215686274506,
    "Color Space": "sRGB",
    "Green Component": 0.70588235294117652,
    "Red Component": 0.53725490196078429
  },
  "Ansi 13 Color": {
    "Alpha Component": 1,
    "Blue Component": 0.90588235294117647,
    "Color Space": "sRGB",
    "Green Component": 0.76078431372549016,
    "Red Component": 0.96078431372549022
  },
  "Ansi 14 Color": {
    "Alpha Component": 1,
    "Blue Component": 0.83529411764705885,
    "Color Space": "sRGB",
    "Green Component": 0.88627450980392153,
    "Red Component": 0.58039215686274515
  },
  "Ansi 15 Color": {
    "Alpha Component": 1,
    "Blue Component": 0.78431372549019607,
    "Color Space": "sRGB",
    "Green Component": 0.67843137254901964,
    "Red Component": 0.65098039215686276
  },
  "Ansi 2 Color": {
    "Alpha Component": 1,
    "Blue Component": 0.63137254901960782,
    "Color Space": "sRGB",
    "Green Component": 0.8901960784313725,
    "Red Component": 0.65098039215686276
  },
  "Ansi 3 Color": {
    "Alpha Component": 1,
    "Blue Component": 0.68627450980392157,
    "Color Space": "sRGB",
    "Green Component": 0.88627450980392153,
    "Red Component": 0.97647058823529409
  },
  "Ansi 4 Color": {
    "Alpha Component": 1,
    "Blue Component": 0.98039215686274506,
    "Color Space": "sRGB",
    "Green Component": 0.70588235294117652,
    "Red Component": 0.53725490196078429
  },
  "Ansi 5 Color": {
    "Alpha Component": 1,
    "Blue Component": 0.90588235294117647,
    "Color Space": "sRGB",
    "Green Component": 0.76078431372549016,
    "Red Component": 0.96078431372549022
  },
  "Ansi 6 Color": {
    "Alpha Component": 1,
    "Blue Component": 0.83529411764705885,
    "Color Space": "sRGB",
    "Green Component": 0.88627450980392153,
    "Red Component": 0.58039215686274515
  },
  "Ansi 7 Color": {
    "Alpha Component": 1,
    "Blue Component": 0.87058823529411766,
    "Color Space": "sRGB",
    "Green Component": 0.76078431372549016,
    "Red Component": 0.72941176470588232
  },
  "Ansi 8 Color": {
    "Alpha Component": 1,
    "Blue Component": 0.4392156862745098,
    "Color Space": "sRGB",
    "Green Component": 0.35686274509803922,
    "Red Component": 0.34509803921568627
  },
  "Ansi 9 Color": {
    "Alpha Component": 1,
    "Blue Component": 0.6588235294117647,
    "Color Space": "sRGB",
    "Green Component": 0.54509803921568623,
    "Red Component": 0.95294117647058818
  },
  "ASCII Anti Aliased": true,
  "ASCII Ligatures": true,
  "Background Color": {
    "Alpha Component": 1,
    "Blue Component": 0.1803921568627451,
    "Color Space": "sRGB",
    "Green Component": 0.11764705882352941,
    "Red Component": 0.11764705882352941
  },
  "Background Image Location": "",
  "Badge Color": {
    "Alpha Component": 0.5,
    "Blue Component": 0,
    "Color Space": "sRGB",
    "Green Component": 0.14910030364990234,
    "Red Component": 1
  },
  "Blinking Cursor": false,
  "Blur": true,
  "Blur Radius": 20,
  "BM Growl": true,
  "Bold Color": {
    "Alpha Component": 1,
    "Blue Component": 0.95686274509803926,
    "Color Space": "sRGB",
    "Green Component": 0.83921568627450982,
    "Red Component": 0.80392156862745101
  },
  "Character Encoding": 4,
  "Close Sessions On End": true,
  "Columns": 80,
  "Command": "",
  "Cursor Boost": 0,
  "Cursor Color": {
    "Alpha Component": 1,
    "Blue Component": 0.86274509803921573,
    "Color Space": "sRGB",
    "Green Component": 0.8784313725490196,
    "Red Component": 0.96078431372549022
  },
  "Cursor Guide Color": {
    "Alpha Component": 0.070000000000000007,
    "Blue Component": 0.95686274509803926,
    "Color Space": "sRGB",
    "Green Component": 0.83921568627450982,
    "Red Component": 0.80392156862745101
  },
  "Cursor Text Color": {
    "Alpha Component": 1,
    "Blue Component": 0.1803921568627451,
    "Color Space": "sRGB",
    "Green Component": 0.11764705882352941,
    "Red Component": 0.11764705882352941
  },
  "Cursor Type": 1,
  "Custom Command": "No",
  "Custom Directory": "No",
  "Default Bookmark": "No",
  "Description": "Default",
  "Disable Window Resizing": true,
  "Draw Powerline Glyphs": true,
  "Flashing Bell": false,
  "Foreground Color": {
    "Alpha Component": 1,
    "Blue Component": 0.95686274509803926,
    "Color Space": "sRGB",
    "Green Component": 0.83921568627450982,
    "Red Component": 0.80392156862745101
  },
  "Guid": "2EF4DC53-2023-4154-9063-2CDEB007C006",
  "Horizontal Spacing": 1,
  "Icon": 1,
  "Idle Code": 0,
  "Initial Use Transparency": false,
  "Jobs to Ignore": [
    "rlogin",
    "ssh",
    "slogin",
    "telnet"
  ],
  "Keyboard Map": {
    "0x2d-0x40000": {
      "Action": 11,
      "Text": "0x1f"
    },
    "0x32-0x40000": {
      "Action": 11,
      "Text": "0x00"
    },
    "0x33-0x40000": {
      "Action": 11,
      "Text": "0x1b"
    },
    "0x34-0x40000": {
      "Action": 11,
      "Text": "0x1c"
    },
    "0x35-0x40000": {
      "Action": 11,
      "Text": "0x1d"
    },
    "0x36-0x40000": {
      "Action": 11,
      "Text": "0x1e"
    },
    "0x37-0x40000": {
      "Action": 11,
      "Text": "0x1f"
    },
    "0x38-0x40000": {
      "Action": 11,
      "Text": "0x7f"
    },
    "0xf700-0x220000": {
      "Action": 10,
      "Text": "[1;2A"
    },
    "0xf700-0x240000": {
      "Action": 10,
      "Text": "[1;5A"
    },
    "0xf700-0x260000": {
      "Action": 10,
      "Text": "[1;6A"
    },
    "0xf700-0x280000": {
      "Action": 11,
      "Text": "0x1b 0x1b 0x5b 0x41"
    },
    "0xf701-0x220000": {
      "Action": 10,
      "Text": "[1;2B"
    },
    "0xf701-0x240000": {
      "Action": 10,
      "Text": "[1;5B"
    },
    "0xf701-0x260000": {
      "Action": 10,
      "Text": "[1;6B"
    },
    "0xf701-0x280000": {
      "Action": 11,
      "Text": "0x1b 0x1b 0x5b 0x42"
    },
    "0xf702-0x220000": {
      "Action": 10,
      "Text": "[1;2D"
    },
    "0xf702-0x240000": {
      "Action": 10,
      "Text": "[1;5D"
    },
    "0xf702-0x260000": {
      "Action": 10,
      "Text": "[1;6D"
    },
    "0xf702-0x280000": {
      "Action": 11,
      "Text": "0x1b 0x1b 0x5b 0x44"
    },
    "0xf703-0x220000": {
      "Action": 10,
      "Text": "[1;2C"
    },
    "0xf703-0x240000": {
      "Action": 10,
      "Text": "[1;5C"
    },
    "0xf703-0x260000": {
      "Action": 10,
      "Text": "[1;6C"
    },
    "0xf703-0x280000": {
      "Action": 11,
      "Text": "0x1b 0x1b 0x5b 0x43"
    },
    "0xf704-0x20000": {
      "Action": 10,
      "Text": "[1;2P"
    },
    "0xf705-0x20000": {
      "Action": 10,
      "Text": "[1;2Q"
    },
    "0xf706-0x20000": {
      "Action": 10,
      "Text": "[1;2R"
    },
    "0xf707-0x20000": {
      "Action": 10,
      "Text": "[1;2S"
    },
    "0xf708-0x20000": {
      "Action": 10,
      "Text": "[15;2~"
    },
    "0xf709-0x20000": {
      "Action": 10,
      "Text": "[17;2~"
    },
    "0xf70a-0x20000": {
      "Action": 10,
      "Text": "[18;2~"
    },
    "0xf70b-0x20000": {
      "Action": 10,
      "Text": "[19;2~"
    },
    "0xf70c-0x20000": {
      "Action": 10,
      "Text": "[20;2~"
    },