{
  "Use Non-ASCII Font": false,
  "Tags": [],
  "Ansi 12 Color": {
    "Red Component": 0.66274511814117432,
    "Color Space": "sRGB",
    "Blue Component": 0.88235294818878174,
    "Alpha Component": 1,
    "Green Component": 0.63137257099151611
  },
  "Ansi 6 Color": {
    "Red Component": 0.31764706969261169,
    "Color Space": "sRGB",
    "Blue Component": 0.93725490570068359,
    "Alpha Component": 1,
    "Green Component": 0.68627452850341797
  },
  "Draw Powerline Glyphs": true,
  "Bold Color": {
    "Red Component": 0.73333334922790527,
    "Color Space": "sRGB",
    "Blue Component": 0.81176471710205078,
    "Alpha Component": 1,
    "Green Component": 0.7607843279838562
  },
  "Normal Font": "JetBrainsMonoNerdFontComplete-Regular 14",
  "Ansi 3 Color": {
    "Red Component": 0.92549020051956177,
    "Color Space": "sRGB",
    "Blue Component": 0.48235294222831726,
    "Alpha Component": 1,
    "Green Component": 0.7450980544090271
  },
  "Ansi 4 Color": {
    "Red Component": 0.66274511814117432,
    "Color Space": "sRGB",
    "Blue Component": 0.88235294818878174,
    "Alpha Component": 1,
    "Green Component": 0.63137257099151611
  },
  "Rows": 25,
  "Default Bookmark": "No",
  "Ansi 5 Color": {
    "Red Component": 0.7764706015586853,
    "Color Space": "sRGB",
    "Blue Component": 0.86666667461395264,
    "Alpha Component": 1,
    "Green Component": 0.47058823704719543
  },
  "Cursor Guide Color": {
    "Red Component": 0.70213186740875244,
    "Color Space": "sRGB",
    "Blue Component": 1,
    "Alpha Component": 0.25,
    "Green Component": 0.9268307089805603
  },
  "Non-ASCII Anti Aliased": true,
  "Use Bright Bold": true,
  "Ansi 10 Color": {
    "Red Component": 0.60000002384185791,
    "Color Space": "sRGB",
    "Blue Component": 0.40000000596046448,
    "Alpha Component": 1,
    "Green Component": 0.73333334922790527
  },
  "Icon": 1,
  "Ambiguous Double Width": false,
  "Jobs to Ignore": ["rlogin", "ssh", "slogin", "telnet"],
  "Ansi 15 Color": {
    "Red Component": 0.74901962280273438,
    "Color Space": "sRGB",
    "Blue Component": 0.74901962280273438,
    "Alpha Component": 1,
    "Green Component": 0.74901962280273438
  },
  "Foreground Color": {
    "Red Component": 0.73333334922790527,
    "Color Space": "sRGB",
    "Blue Component": 0.81176471710205078,
    "Alpha Component": 1,
    "Green Component": 0.7607843279838562
  },
  "Working Directory": "/Users/volodymyr",
  "Use Tab Color": false,
  "Blinking Cursor": false,
  "Disable Window Resizing": true,
  "Sync Title": false,
  "Prompt Before Closing 2": false,
  "BM Growl": true,
  "Command": "",
  "Description": "Default",
  "Mouse Reporting": true,
  "Screen": -1,
  "Selection Color": {
    "Red Component": 0.25882354378700256,
    "Color Space": "sRGB",
    "Blue Component": 0.29411765933036804,
    "Alpha Component": 1,
    "Green Component": 0.26666668057441711
  },
  "Initial Use Transparency": false,
  "Only The Default BG Color Uses Transparency": true,
  "Columns": 80,
  "Idle Code": 0,
  "Ansi 13 Color": {
    "Red Component": 0.7764706015586853,
    "Color Space": "sRGB",
    "Blue Component": 0.86666667461395264,
    "Alpha Component": 1,
    "Green Component": 0.47058823704719543
  },
  "Custom Command": "No",
  "ASCII Anti Aliased": true,
  "Non Ascii Font": "Monaco 12",
  "Vertical Spacing": 1,
  "Use Bold Font": true,
  "Option Key Sends": 0,
  "Selected Text Color": {
    "Red Component": 0.73333334922790527,
    "Color Space": "sRGB",
    "Blue Component": 0.81176471710205078,
    "Alpha Component": 1,
    "Green Component": 0.7607843279838562
  },
  "Background Color": {
    "Red Component": 0.15686275064945221,
    "Color Space": "sRGB",
    "Blue Component": 0.20392157137393951,
    "Alpha Component": 1,
    "Green Component": 0.17254902422428131
  },
  "Character Encoding": 4,
  "Ansi 11 Color": {
    "Red Component": 0.92549020051956177,
    "Color Space": "sRGB",
    "Blue Component": 0.48235294222831726,
    "Alpha Component": 1,
    "Green Component": 0.7450980544090271
  },
  "Use Italic Font": true,
  "Unlimited Scrollback": false,
  "Keyboard Map": {
    "0xf700-0x260000": {
      "Action": 10,
      "Text": "[1;6A"
    },
    "0x37-0x40000": {
      "Action": 11,
      "Text": "0x1f"
    },
    "0x32-0x40000": {
      "Action": 11,
      "Text": "0x00"
    },
    "0xf709-0x20000": {
      "Action": 10,
      "Text": "[17;2~"
    },
    "0xf70c-0x20000": {
      "Action": 10,
      "Text": "[20;2~"
    },
    "0xf729-0x20000": {
      "Action": 10,
      "Text": "[1;2H"
    },
    "0xf72b-0x40000": {
      "Action": 10,
      "Text": "[1;5F"
    },
    "0xf705-0x20000": {
      "Action": 10,
      "Text": "[1;2Q"
    },
    "0xf703-0x260000": {
      "Action": 10,
      "Text": "[1;6C"
    },
    "0xf700-0x220000": {
      "Action": 10,
      "Text": "[1;2A"
    },
    "0xf701-0x280000": {
      "Action": 11,
      "Text": "0x1b 0x1b 0x5b 0x42"
    },
    "0x38-0x40000": {
      "Action": 11,
      "Text": "0x7f"
    },
    "0x33-0x40000": {
      "Action": 11,
      "Text": "0x1b"
    },
    "0xf703-0x220000": {
      "Action": 10,
      "Text": "[1;2C"
    },
    "0xf701-0x240000": {
      "Action": 10,
      "Text": "[1;5B"
    },
    "0xf70d-0x20000": {
      "Action": 10,
      "Text": "[21;2~"
    },
    "0xf702-0x260000": {
      "Action": 10,
      "Text": "[1;6D"
    },
    "0xf729-0x40000": {
      "Action": 10,
      "Text": "[1;5H"
    },
    "0xf706-0x20000": {
      "Action": 10,
      "Text": "[1;2R"
    },
    "0x34-0x40000": {
      "Action": 11,
      "Text": "0x1c"
    },
    "0xf700-0x280000": {
      "Action": 11,
      "Text": "0x1b 0x1b 0x5b 0x41"
    },
    "0x2d-0x40000": {
      "Action": 11,
      "Text": "0x1f"
    },
    "0xf70e-0x20000": {
      "Action": 10,
      "Text": "[23;2~"
    },
    "0xf702-0x220000": {
      "Action": 10,
      "Text": "[1;2D"
    },
    "0xf703-0x280000": {
      "Action": 11,
      "Text": "0x1b 0x1b 0x5b 0x43"
    },
    "0xf700-0x240000": {
      "Action": 10,
      "Text": "[1;5A"
    },
    "0xf707-0x20000": {
      "Action": 10,
      "Text": "[1;2S"
    },
    "0xf70a-0x20000": {
      "Action": 10,
      "Text": "[18;2~"
    },
    "0x35-0x40000": {
      "Action": 11,
      "Text": "0x1d"
    },
    "0xf70f-0x20000": {
      "Action": 10,
      "Text": "[24;2~"
    },
    "0xf703-0x240000": {
      "Action": 10,
      "Text": "[1;5C"
    },
    "0xf701-0x260000": {
      "Action": 10,
      "Text": "[1;6B"
    },
    "0xf702-0x280000": {
      "Action": 11,
      "Text": "0x1b 0x1b 0x5b 0x44"
    },
    "0xf72b-0x20000": {
      "Action": 10,
      "Text": "[1;2F"
    },
    "0x36-0x40000": {
      "Action": 11,
      "Text": "0x1e"
    },
    "0xf708-0x20000": {
      "Action": 10,
      "Text": "[15;2~"
    },
    "0xf701-0x220000": {
      "Action": 10,
      "Text": "[1;2B"
    },
    "0xf70b-0x20000": {
      "Action": 10,
      "Text": "[19;2~"
    },
    "0xf702-0x240000": {
      "Action": 10,
      "Text": "[1;5D"
    },
    "0xf704-0x20000": {
      "Action": 10,
      "Text": "[1;2P"
    }
  },
  "Window Type": 0,
  "Cursor Boost": 0,
  "Cursor Type": 1,
  "Background Image Location": "",
  "Blur": true,
  "Badge Color": {
    "Red Component": 1,
    "Color Space": "sRGB",
    "Blue Component": 0,
    "Alpha Component": 0.5,
    "Green Component": 0.1491314172744751
  },
  "Blur Radius": 20,
  "Scrollback Lines": 1000,
  "Send Code When Idle": false,
  "Close Sessions On End": true,
  "Terminal Type": "xterm-256color",
  "Visual Bell": true,
  "Flashing Bell": false,
  "Silence Bell": false,
  "Unicode Normalization": 0,
  "Ansi 14 Color": {
    "Red Component": 0.31764706969261169,
    "Color Space": "sRGB",
    "Blue Component": 0.93725490570068359,
    "Alpha Component": 1,
    "Green Component": 0.68627452850341797
  },
  "Name": "one-dark",
  "Cursor Text Color": {
    "Red Component": 0.10718484967947006,
    "Color Space": "sRGB",